"Hbwtr_w6_20181013_120459.JPG","2018","10","13","12","04","59"
"Hbwtr_w6_20181014_120456.JPG","2018","10","14","12","04","56"
"Hbwtr_w6_20181015_115953.JPG","2018","10","15","11","59","53"
"Hbwtr_w6_20181016_120450.JPG","2018","10","16","12","04","50"
"Hbwtr_w6_20181017_115947.JPG","2018","10","17","11","59","47"
"Hbwtr_w6_20181018_120443.JPG","2018","10","18","12","04","43"
"Hbwtr_w6_20181019_115940.JPG","2018","10","19","11","59","40"
"Hbwtr_w6_20181020_115937.JPG","2018","10","20","11","59","37"
"Hbwtr_w6_20181021_115934.JPG","2018","10","21","11","59","34"
"Hbwtr_w6_20181022_115931.JPG","2018","10","22","11","59","31"
"Hbwtr_w6_20181023_115928.JPG","2018","10","23","11","59","28"
"Hbwtr_w6_20181024_120424.JPG","2018","10","24","12","04","24"
"Hbwtr_w6_20181025_115921.JPG","2018","10","25","11","59","21"
"Hbwtr_w6_20181026_115918.JPG","2018","10","26","11","59","18"
"Hbwtr_w6_20181027_120415.JPG","2018","10","27","12","04","15"
"Hbwtr_w6_20181028_115912.JPG","2018","10","28","11","59","12"
"Hbwtr_w6_20181029_115909.JPG","2018","10","29","11","59","09"
"Hbwtr_w6_20181030_120405.JPG","2018","10","30","12","04","05"
"Hbwtr_w6_20181031_115902.JPG","2018","10","31","11","59","02"
"Hbwtr_w6_20181101_115859.JPG","2018","11","01","11","58","59"
"Hbwtr_w6_20181102_115856.JPG","2018","11","02","11","58","56"
"Hbwtr_w6_20181103_115853.JPG","2018","11","03","11","58","53"
"Hbwtr_w6_20181104_115850.JPG","2018","11","04","11","58","50"
"Hbwtr_w6_20181105_115847.JPG","2018","11","05","11","58","47"
"Hbwtr_w6_20181106_115843.JPG","2018","11","06","11","58","43"
"Hbwtr_w6_20181107_115840.JPG","2018","11","07","11","58","40"
"Hbwtr_w6_20181108_115837.JPG","2018","11","08","11","58","37"
"Hbwtr_w6_20181109_115834.JPG","2018","11","09","11","58","34"
"Hbwtr_w6_20181110_120331.JPG","2018","11","10","12","03","31"
"Hbwtr_w6_20181111_115828.JPG","2018","11","11","11","58","28"
"Hbwtr_w6_20181112_115824.JPG","2018","11","12","11","58","24"
"Hbwtr_w6_20181113_115821.JPG","2018","11","13","11","58","21"
"Hbwtr_w6_20181114_115818.JPG","2018","11","14","11","58","18"
"Hbwtr_w6_20181115_120315.JPG","2018","11","15","12","03","15"
"Hbwtr_w6_20181116_115812.JPG","2018","11","16","11","58","12"
"Hbwtr_w6_20181117_120308.JPG","2018","11","17","12","03","08"
"Hbwtr_w6_20181118_120305.JPG","2018","11","18","12","03","05"
"Hbwtr_w6_20181119_115802.JPG","2018","11","19","11","58","02"
"Hbwtr_w6_20181119_120503.JPG","2018","11","19","12","05","03"
"Hbwtr_w6_20181120_120000.JPG","2018","11","20","12","00","00"
"Hbwtr_w6_20181121_115956.JPG","2018","11","21","11","59","56"
"Hbwtr_w6_20181122_115953.JPG","2018","11","22","11","59","53"
"Hbwtr_w6_20181123_115950.JPG","2018","11","23","11","59","50"
"Hbwtr_w6_20181124_115947.JPG","2018","11","24","11","59","47"
"Hbwtr_w6_20181125_115944.JPG","2018","11","25","11","59","44"
"Hbwtr_w6_20181126_115940.JPG","2018","11","26","11","59","40"
"Hbwtr_w6_20181127_115937.JPG","2018","11","27","11","59","37"
"Hbwtr_w6_20181128_115934.JPG","2018","11","28","11","59","34"
"Hbwtr_w6_20181129_115931.JPG","2018","11","29","11","59","31"
"Hbwtr_w6_20181130_115927.JPG","2018","11","30","11","59","27"
"Hbwtr_w6_20181201_115924.JPG","2018","12","01","11","59","24"
"Hbwtr_w6_20181202_115921.JPG","2018","12","02","11","59","21"
"Hbwtr_w6_20181203_115918.JPG","2018","12","03","11","59","18"
"Hbwtr_w6_20181204_115915.JPG","2018","12","04","11","59","15"
"Hbwtr_w6_20181205_115912.JPG","2018","12","05","11","59","12"
"Hbwtr_w6_20181206_120408.JPG","2018","12","06","12","04","08"
"Hbwtr_w6_20181207_115905.JPG","2018","12","07","11","59","05"
"Hbwtr_w6_20181208_115902.JPG","2018","12","08","11","59","02"
"Hbwtr_w6_20181209_120358.JPG","2018","12","09","12","03","58"
"Hbwtr_w6_20181210_115855.JPG","2018","12","10","11","58","55"
"Hbwtr_w6_20181211_115852.JPG","2018","12","11","11","58","52"
"Hbwtr_w6_20181212_115849.JPG","2018","12","12","11","58","49"
"Hbwtr_w6_20181213_115845.JPG","2018","12","13","11","58","45"
"Hbwtr_w6_20181214_115842.JPG","2018","12","14","11","58","42"
"Hbwtr_w6_20181215_115839.JPG","2018","12","15","11","58","39"
"Hbwtr_w6_20181216_115836.JPG","2018","12","16","11","58","36"
"Hbwtr_w6_20181217_115833.JPG","2018","12","17","11","58","33"
"Hbwtr_w6_20181218_115829.JPG","2018","12","18","11","58","29"
"Hbwtr_w6_20181219_115826.JPG","2018","12","19","11","58","26"
"Hbwtr_w6_20181220_115823.JPG","2018","12","20","11","58","23"
"Hbwtr_w6_20181221_115820.JPG","2018","12","21","11","58","20"
"Hbwtr_w6_20181222_115817.JPG","2018","12","22","11","58","17"
"Hbwtr_w6_20181223_115813.JPG","2018","12","23","11","58","13"
"Hbwtr_w6_20181224_115810.JPG","2018","12","24","11","58","10"
"Hbwtr_w6_20181225_115807.JPG","2018","12","25","11","58","07"
"Hbwtr_w6_20181226_115804.JPG","2018","12","26","11","58","04"
"Hbwtr_w6_20181227_115800.JPG","2018","12","27","11","58","00"
"Hbwtr_w6_20181228_120000.JPG","2018","12","28","12","00","00"
"Hbwtr_w6_20181229_115957.JPG","2018","12","29","11","59","57"
"Hbwtr_w6_20181230_120454.JPG","2018","12","30","12","04","54"
"Hbwtr_w6_20181231_115950.JPG","2018","12","31","11","59","50"
